keyword,location_code,location_label
best hotel in durgapur,9040193,"Durgapur,West Bengal,India"
weekend getaway in durgapur,9040193,"Durgapur,West Bengal,India"
durgapur hotel booking,9040193,"Durgapur,West Bengal,India"
hotels in durgapur city centre,9040193,"Durgapur,West Bengal,India"
hotels in Kolkata for foreign tourists,1007828,"Kolkata,Kolkata,West Bengal,India"
rooms in durgapur,9040193,"Durgapur,West Bengal,India"
kolkata tourist point,1007828,"Kolkata,Kolkata,West Bengal,India"
hotels in gachibowli hyderabad,1007740,"Hyderabad,Telangana,India"
kolkata best hotel,1007828,"Kolkata,Kolkata,West Bengal,India"
4 star hotel in park street kolkata,1007828,"Kolkata,Kolkata,West Bengal,India"
kolkata hotel address near new market,1007828,"Kolkata,Kolkata,West Bengal,India"
best hotel in kolkata,1007828,"Kolkata,Kolkata,West Bengal,India"
city centre durgapur hotel,9040193,"Durgapur,West Bengal,India"
hotel offers gachibowli hyderabad,1007740,"Hyderabad,Telangana,India"
durgapur hotel price per day,9040193,"Durgapur,West Bengal,India"
gachibowli hyderabad hotel offers,1007740,"Hyderabad,Telangana,India"
hotel offers durgapur,9040193,"Durgapur,West Bengal,India"
hotels in durgapur,9040193,"Durgapur,West Bengal,India"
best hotel in kolkata new market,1007828,"Kolkata,Kolkata,West Bengal,India"
lowest hotel price in gachibowli hyderabad,1007740,"Hyderabad,Telangana,India"
hotel booking in kolkata near new market,1007828,"Kolkata,Kolkata,West Bengal,India"
hotel near new market area kolkata,1007828,"Kolkata,Kolkata,West Bengal,India"
hotel deals in gachibowli hyderabad,1007740,"Hyderabad,Telangana,India"
best hotel deals in gachibowli hyderabad,1007740,"Hyderabad,Telangana,India"
lowest hotel price in durgapur,9040193,"Durgapur,West Bengal,India"
durgapur hotel room,9040193,"Durgapur,West Bengal,India"
gachibowli hyderabad hotel price per day,1007740,"Hyderabad,Telangana,India"
durgapur hotel room low price,9040193,"Durgapur,West Bengal,India"
best hotel deals in durgapur,9040193,"Durgapur,West Bengal,India"
kolkata hotel offers,1007828,"Kolkata,Kolkata,West Bengal,India"
gachibowli hyderabad hotel price,1007740,"Hyderabad,Telangana,India"
hotel offers kolkata,1007828,"Kolkata,Kolkata,West Bengal,India"
gachibowli hyderabad hotel room low price,1007740,"Hyderabad,Telangana,India"
top hotels in kolkata,1007828,"Kolkata,Kolkata,West Bengal,India"
lowest hotel price in hyderabad,1007740,"Hyderabad,Telangana,India"
hotels near durgapur railway station,9040193,"Durgapur,West Bengal,India"
hotel rooms in durgapur,9040193,"Durgapur,West Bengal,India"
best place to stay in kolkata,1007828,"Kolkata,Kolkata,West Bengal,India"
accommodation in durgapur,9040193,"Durgapur,West Bengal,India"
hotel room rates in hyderabad,1007740,"Hyderabad,Telangana,India"
hyderabad hotel room low price,1007740,"Hyderabad,Telangana,India"
banquets in kolkata,1007828,"Kolkata,Kolkata,West Bengal,India"
banquet halls in gachibowli,1007740,"Hyderabad,Telangana,India"
banquet hall in durgapur,9040193,"Durgapur,West Bengal,India"
gachibowli function halls,1007740,"Hyderabad,Telangana,India"
banquet halls near gachibowli,1007740,"Hyderabad,Telangana,India"
best banquet hall in durgapur,9040193,"Durgapur,West Bengal,India"
best banquet halls in gachibowli hyderabad,1007740,"Hyderabad,Telangana,India"
banquet halls in gachibowli hyderabad,1007740,"Hyderabad,Telangana,India"
restaurants in durgapur,9040193,"Durgapur,West Bengal,India"
best restaurants in durgapur,9040193,"Durgapur,West Bengal,India"
