keyword,location_code,location_label
Preschool in Town Square,1000013,"Dubai,Dubai,United Arab Emirates"
kindergarten in Town Square,1000013,"Dubai,Dubai,United Arab Emirates"
nursery in Town Square,1000013,"Dubai,Dubai,United Arab Emirates"
nursery town square,1000013,"Dubai,Dubai,United Arab Emirates"
town square daycare,1000013,"Dubai,Dubai,United Arab Emirates"
preschool near Carrefour Market Town Square,1000013,"Dubai,Dubai,United Arab Emirates"
preschool near hayat townhouses Town Square,1000013,"Dubai,Dubai,United Arab Emirates"
Best Nursery in Town Square,1000013,"Dubai,Dubai,United Arab Emirates"
pre school in Town Square,1000013,"Dubai,Dubai,United Arab Emirates"
top preschool in Town Square,1000013,"Dubai,Dubai,United Arab Emirates"
nursery school in Town Square,1000013,"Dubai,Dubai,United Arab Emirates"
nursery near hayat townhouses Town Square,1000013,"Dubai,Dubai,United Arab Emirates"
