keyword,search_volume,competition,cpc_usd,note
nursery in abu dhabi,1300,MEDIUM,2.21,
preschool in abu dhabi,480,MEDIUM,3.38,
day care abu dhabi,320,MEDIUM,3.45,
best nursery in abu dhabi,210,MEDIUM,4.18,
best preschool in abu dhabi,210,MEDIUM,4.18,
Nursery in Satwa,210,MEDIUM,3.04,
nursery in reem island Abu Dhabi,110,MEDIUM,6.49,same normalised keyword as 4 rows below
Nursery in al reem island,110,MEDIUM,6.49,duplicate of 'nursery in reem island Abu Dhabi'
Nursery in Reem Island,110,MEDIUM,6.49,duplicate of 'nursery in reem island Abu Dhabi'
nursery al reem island abu dhabi,110,MEDIUM,6.49,duplicate of 'nursery in reem island Abu Dhabi'
nursery reem island,110,MEDIUM,6.49,duplicate of 'nursery in reem island Abu Dhabi'
nursery in arabian ranches,50,HIGH,11.91,
Nursery in Khalifa City A,40,MEDIUM,0.63,
nursery in Nad Al Sheba,30,HIGH,2.22,
satwa nursery,30,HIGH,1.50,
nursery in yas island,20,MEDIUM,4.35,
Nursery in Al Wasl,20,HIGH,,
al wasl nursery,20,MEDIUM,2.38,
nurseries near arabian ranches,10,HIGH,,
nursery al reem island,10,HIGH,,
nursery reem island abu dhabi,10,HIGH,10.79,
best nursery in khalifa city a,10,MEDIUM,,
nursery in al reef abu dhabi,10,LOW,,
nursery in al reef,10,LOW,0.23,
schools near al reef abu dhabi,10,MEDIUM,,
nursery in al wasl road,10,,,
