keyword,volume,device,location,status,rank_group,rank_absolute,ranking_url,ranking_page_type,local_pack_pos,knowledge_panel
best preschool in abu dhabi,210,desktop,Abu Dhabi city,not_found,,,,,,
best preschool in abu dhabi,210,mobile,Abu Dhabi city,ranked,14,22,/best-preschool-in-abu-dhabi-what-parents-should-look-for-before-enrolling/,blog post,,
satwa nursery,30,desktop,Dubai city,not_found,,,,,,
satwa nursery,30,mobile,Dubai city,not_found,,,,,,
al wasl nursery,20,desktop,Al Wasl,ranked,8,11,/our-location/dubai/nursery-wasl1/,location page,,
al wasl nursery,20,mobile,Al Wasl,not_found,,,,,,
nurseries near arabian ranches,10,desktop,Arabian Ranches,not_found,,,,,4,
nurseries near arabian ranches,10,mobile,Arabian Ranches,ranked,14,20,/tag/best-nursery-in-dubai/,tag archive,3,
nursery al reem island,10,desktop,Al Reem Island,not_found,,,,,,
nursery al reem island,10,mobile,Al Reem Island,not_found,,,,,,
nursery reem island abu dhabi,10,desktop,Al Reem Island,not_found,,,,,,
nursery reem island abu dhabi,10,mobile,Al Reem Island,not_found,,,,,,
best nursery in khalifa city a,10,desktop,Khalifa City,ranked,24,30,/our-location/abu-dhabi/nursery-al-reef/,location page (wrong branch),,
best nursery in khalifa city a,10,mobile,Khalifa City,not_found,,,,,,
nursery in al reef,10,desktop,Al Reef,not_found,,,,,,yes
nursery in al reef,10,mobile,Al Reef,ranked,6,14,/tag/best-preschool-in-uae/,tag archive,,
schools near al reef abu dhabi,10,desktop,Al Reef,not_found,,,,,2,
schools near al reef abu dhabi,10,mobile,Al Reef,not_found,,,,,1,
nursery in al wasl road,10,desktop,Al Wasl,not_found,,,,,,
nursery in al wasl road,10,mobile,Al Wasl,not_found,,,,,,
nursery in abu dhabi,1300,desktop,Abu Dhabi city,not_found,,,,,,
nursery in abu dhabi,1300,mobile,Abu Dhabi city,not_found,,,,,,
preschool in abu dhabi,480,desktop,Abu Dhabi city,not_found,,,,,,
preschool in abu dhabi,480,mobile,Abu Dhabi city,not_found,,,,,,
day care abu dhabi,320,desktop,Abu Dhabi city,not_found,,,,,,
day care abu dhabi,320,mobile,Abu Dhabi city,not_found,,,,,,
best nursery in abu dhabi,210,desktop,Abu Dhabi city,not_found,,,,,,
best nursery in abu dhabi,210,mobile,Abu Dhabi city,not_found,,,,,,
Nursery in Satwa,210,desktop,Dubai city,not_found,,,,,,
Nursery in Satwa,210,mobile,Dubai city,ranked,22,30,/ (homepage),homepage,,
nursery in reem island Abu Dhabi,110,desktop,Al Reem Island,ranked,3,12,/our-location/abu-dhabi/nursery-reem-island/,location page,,
nursery in reem island Abu Dhabi,110,mobile,Al Reem Island,not_found,,,,,,
nursery in arabian ranches,50,desktop,Arabian Ranches,ranked,9,12,/our-location/,location hub,,
nursery in arabian ranches,50,mobile,Arabian Ranches,ranked,4,8,/our-location/dubai/nursery-arabian-ranches-3/,location page,,
Nursery in Khalifa City A,40,desktop,Khalifa City,not_found,,,,,,
Nursery in Khalifa City A,40,mobile,Khalifa City,not_found,,,,,,
nursery in Nad Al Sheba,30,desktop,Nad Al Sheba,ranked,8,12,/our-location/dubai/nursery-meydan/,location page,,
nursery in Nad Al Sheba,30,mobile,Nad Al Sheba,not_found,,,,,,
nursery in yas island,20,desktop,Yas Island,ranked,1,9,/our-location/abu-dhabi/nursery-yas-island/,location page,7,
nursery in yas island,20,mobile,Yas Island,not_found,,,,,1,
Nursery in Al Wasl,20,desktop,Al Wasl,not_found,,,,,,
Nursery in Al Wasl,20,mobile,Al Wasl,not_found,,,,,,
nursery in al reef abu dhabi,10,desktop,Al Reef,not_found,,,,,,yes
nursery in al reef abu dhabi,10,mobile,Al Reef,not_found,,,,,,yes
