keyword,device,location_code,location_label,status,rank_group,rank_absolute,ranking_url,ranking_page_type,local_pack_pos,organic_results_returned,checked_at
nursery school in Town Square,desktop,1000013,"Dubai,Dubai,United Arab Emirates",ranked,1,4,https://www.maplebeargulfschools.com/our-location/dubai/nursery-town-square/,location page,3,69,2026-10-07
nursery near hayat townhouses Town Square,desktop,1000013,"Dubai,Dubai,United Arab Emirates",ranked,1,4,https://www.maplebeargulfschools.com/our-location/dubai/nursery-town-square/,location page,2,69,2026-10-07
preschool near hayat townhouses Town Square,desktop,1000013,"Dubai,Dubai,United Arab Emirates",ranked,1,5,https://www.maplebeargulfschools.com/our-location/dubai/nursery-town-square/,location page,2,32,2026-10-07
preschool near Carrefour Market Town Square,desktop,1000013,"Dubai,Dubai,United Arab Emirates",ranked,3,4,https://www.maplebeargulfschools.com/our-location/dubai/nursery-town-square/,location page,,69,2026-10-07
town square daycare,desktop,1000013,"Dubai,Dubai,United Arab Emirates",ranked,4,7,https://www.maplebeargulfschools.com/our-location/dubai/nursery-town-square/,location page,2,69,2026-10-07
nursery town square,desktop,1000013,"Dubai,Dubai,United Arab Emirates",ranked,10,17,https://www.maplebeargulfschools.com/tag/nursery-and-preschool/,tag archive,3,27,2026-10-07
nursery in Town Square,desktop,1000013,"Dubai,Dubai,United Arab Emirates",ranked,11,17,https://www.maplebeargulfschools.com/how-maple-bear-nursery-helps-toddlers-settle-confidently/,blog post,3,26,2026-10-07
Best Nursery in Town Square,desktop,1000013,"Dubai,Dubai,United Arab Emirates",ranked,16,20,https://www.maplebeargulfschools.com/what-actually-makes-a-good-preschool-in-abu-dhabi/,blog post (Abu Dhabi),2,36,2026-10-07
Preschool in Town Square,desktop,1000013,"Dubai,Dubai,United Arab Emirates",not_in_top_100,,,,,2,48,2026-10-07
pre school in Town Square,desktop,1000013,"Dubai,Dubai,United Arab Emirates",not_in_top_100,,,,,3,17,2026-10-07
top preschool in Town Square,desktop,1000013,"Dubai,Dubai,United Arab Emirates",not_in_top_100,,,,,2,63,2026-10-07
kindergarten in Town Square,desktop,1000013,"Dubai,Dubai,United Arab Emirates",not_in_top_100,,,,,2,16,2026-10-07
